{
    "rmse": 0.7255023312850253,
    "mae": 0.5554783673558011,
    "r2": 0.28846491410031316
}